{
  "dynamic_menu_buffer_uploader.py": {
    "size": 1845,
    "mtime": 1769866562.3239865,
    "hash": "a86ef0daf9c68267"
  },
  "add_2_nums.py": {
    "size": 1111,
    "mtime": 1769872494.116276,
    "hash": "cb87a8625c6c68cd"
  },
  "boot.py": {
    "size": 13829,
    "mtime": 1769866562.3209865,
    "hash": "06fbc629b0b6ea52"
  },
  "README.md": {
    "size": 2428,
    "mtime": 1769866562.3119864,
    "hash": "5358256d803bafc2"
  },
  "new_app_handler.py": {
    "size": 905,
    "mtime": 1769866562.3299866,
    "hash": "f7d4aeeb57ee67bd"
  },
  "test_keyboard.py": {
    "size": 582,
    "mtime": 1769866562.3329864,
    "hash": "c9cb629f0311c9d3"
  },
  "clean.sh": {
    "size": 827,
    "mtime": 1769866562.3219864,
    "hash": "f58c495fa0518521"
  },
  "upload.sh": {
    "size": 1309,
    "mtime": 1769866562.3329864,
    "hash": "f7a189075f990b29"
  },
  "config.py": {
    "size": 388,
    "mtime": 1769866562.3219864,
    "hash": "d06d8c12c8cc4317"
  },
  "process_modules/typer.py": {
    "size": 1364,
    "mtime": 1769866562.3329864,
    "hash": "082ec4034010593f"
  },
  "download.sh": {
    "size": 1515,
    "mtime": 1769866562.3239865,
    "hash": "f4369803384008e2"
  },
  "process_modules/graphics_buffer_uploader.py": {
    "size": 0,
    "mtime": 1769866562.3319864,
    "hash": "d41d8cd98f00b204"
  },
  "main.py": {
    "size": 850,
    "mtime": 1769866562.3299866,
    "hash": "0321ca1ae7ec2501"
  },
  "process_modules/text_buffer.py": {
    "size": 8492,
    "mtime": 1769866562.3329864,
    "hash": "fe9be94b01f5bfba"
  },
  "process_modules/app_runner.py": {
    "size": 590,
    "mtime": 1769866562.3309865,
    "hash": "fb38bbed95c7704c"
  },
  "process_modules/menu_buffer_old.py": {
    "size": 2819,
    "mtime": 1769866562.3319864,
    "hash": "271c387e82fa215e"
  },
  "process_modules/navbar.py": {
    "size": 338,
    "mtime": 1769866562.3319864,
    "hash": "2ba667fea5b2504e"
  },
  "process_modules/form_buffer_uploader.py": {
    "size": 2635,
    "mtime": 1769866562.3319864,
    "hash": "b9c8582635d23a2f"
  },
  "process_modules/app_handler.py": {
    "size": 1210,
    "mtime": 1769866562.3309865,
    "hash": "547416bfda13e77e"
  },
  "process_modules/boot_up_data_update.py": {
    "size": 640,
    "mtime": 1769866562.3309865,
    "hash": "5ae60abdb161030e"
  },
  "process_modules/app_downloader.py": {
    "size": 4081,
    "mtime": 1769866562.3309865,
    "hash": "d222ec90c01cc51f"
  },
  "process_modules/menu_buffer_uploader.py": {
    "size": 1493,
    "mtime": 1769866562.3319864,
    "hash": "7caec94bc9c372b4"
  },
  "process_modules/auto_wifi_connector.py": {
    "size": 2204,
    "mtime": 1769866562.3309865,
    "hash": "7ef5c2867ff3bdf8"
  },
  "process_modules/text_buffer_uploader.py": {
    "size": 3169,
    "mtime": 1769866562.3329864,
    "hash": "7e5b5d5a2cfcaa6c"
  },
  "process_modules/update_feature.py": {
    "size": 3058,
    "mtime": 1769866562.3329864,
    "hash": "df5d5fb69de184e9"
  },
  "data_modules/characters.py": {
    "size": 5337,
    "mtime": 1769866562.3219864,
    "hash": "dc447f357866e898"
  },
  "process_modules/nav_buffer_uploader.py": {
    "size": 2104,
    "mtime": 1769866562.3319864,
    "hash": "1c1dc531402a7da4"
  },
  "process_modules/app.py": {
    "size": 572,
    "mtime": 1769866562.3309865,
    "hash": "0f879b80b1db3a35"
  },
  "process_modules/form_buffer.py": {
    "size": 8372,
    "mtime": 1769866562.3309865,
    "hash": "1b9e79a79d376177"
  },
  "process_modules/__init__.py": {
    "size": 0,
    "mtime": 1769866562.3309865,
    "hash": "d41d8cd98f00b204"
  },
  "process_modules/menu_buffer.py": {
    "size": 2819,
    "mtime": 1769866562.3319864,
    "hash": "881121242e4e2f82"
  },
  "data_modules/configuration.py": {
    "size": 303,
    "mtime": 1769866562.3219864,
    "hash": "b2282f17e2cfeb0b"
  },
  "process_modules/nav_buffer.py": {
    "size": 1854,
    "mtime": 1769866562.3319864,
    "hash": "01338d571374c176"
  },
  "data_modules/object_handler.py": {
    "size": 11548,
    "mtime": 1769866562.3229866,
    "hash": "8724a7483006658a"
  },
  "data_modules/__init__.py": {
    "size": 0,
    "mtime": 1769866562.3219864,
    "hash": "d41d8cd98f00b204"
  },
  "data_modules/keypad_map.py": {
    "size": 3691,
    "mtime": 1769866562.3229866,
    "hash": "f6b0e89fcd4d19ec"
  },
  "lib/sleeping_features.py": {
    "size": 1080,
    "mtime": 1769866562.3269866,
    "hash": "b938f7e0c38716e6"
  },
  "lib/max31865.py": {
    "size": 2290,
    "mtime": 1769866562.3259864,
    "hash": "34e7a08cbc7f42ba"
  },
  "lib/settings.py": {
    "size": 217,
    "mtime": 1769866562.3259864,
    "hash": "3d78d70c738065b4"
  },
  "lib/calculator.py": {
    "size": 0,
    "mtime": 1769866562.3249865,
    "hash": "d41d8cd98f00b204"
  },
  "lib/upysh.mpy": {
    "size": 1645,
    "mtime": 1769866562.3289864,
    "hash": "acf2fd83c707d109"
  },
  "lib/test_thread.py": {
    "size": 1396,
    "mtime": 1769866562.3269866,
    "hash": "094d780938e2cc19"
  },
  "lib/test_async.py": {
    "size": 551,
    "mtime": 1769866562.3269866,
    "hash": "d2505906f798d5f7"
  },
  "data_modules/db_instance.py": {
    "size": 68,
    "mtime": 1769866562.3229866,
    "hash": "1070e70ac58b4b97"
  },
  "lib/graph.py": {
    "size": 0,
    "mtime": 1769866562.3259864,
    "hash": "d41d8cd98f00b204"
  },
  "lib/dht.mpy": {
    "size": 595,
    "mtime": 1769866562.3249865,
    "hash": "2f6ebc0ae64163f4"
  },
  "lib/soft_watch_dog_timer.py": {
    "size": 1523,
    "mtime": 1769866562.3269866,
    "hash": "355db1ce485dd09e"
  },
  "lib/bootup_configs.py": {
    "size": 5888,
    "mtime": 1769866562.3249865,
    "hash": "083e94e41472461e"
  },
  "lib/hcsr04.py": {
    "size": 989,
    "mtime": 1769866562.3259864,
    "hash": "98e6bc0c80287ae3"
  },
  "lib/ssl.mpy": {
    "size": 745,
    "mtime": 1769866562.3269866,
    "hash": "00f1a74726fd880a"
  },
  "lib/__init__.py": {
    "size": 0,
    "mtime": 1769866562.3249865,
    "hash": "d41d8cd98f00b204"
  },
  "db/matrix_operations_app_list.json": {
    "size": 1344,
    "mtime": 1769866562.3239865,
    "hash": "a0e62b8575a76121"
  },
  "db/nav.json": {
    "size": 0,
    "mtime": 1769866562.3239865,
    "hash": "d41d8cd98f00b204"
  },
  "db/scientific_calculator_app_list.json": {
    "size": 693,
    "mtime": 1769866562.3239865,
    "hash": "cde0e3e6d86ea6ea"
  },
  "db/wifi.json": {
    "size": 256,
    "mtime": 1769866562.3239865,
    "hash": "d98ac08b7bae5575"
  },
  "db/functions_data.json": {
    "size": 869,
    "mtime": 1769866562.3229866,
    "hash": "29100b6d9efe18ca"
  },
  "db/settings.json": {
    "size": 344,
    "mtime": 1769866562.3239865,
    "hash": "34dd76cd5936d63b"
  },
  "db/installed_apps.json": {
    "size": 1137,
    "mtime": 1769866562.3239865,
    "hash": "be8d41b17e5af30b"
  },
  "lib/slave_data_sender.py": {
    "size": 2227,
    "mtime": 1769866562.3269866,
    "hash": "1a3e51f97c9f92e0"
  },
  "db/application_modules_app_list.json": {
    "size": 789,
    "mtime": 1769866562.3229866,
    "hash": "1eabff1d3b0a2b6b"
  },
  "db/settings_app_list.json": {
    "size": 1323,
    "mtime": 1769866562.3239865,
    "hash": "0fe138a5d4de6e04"
  },
  "db/about_calsci_app_list.json": {
    "size": 84,
    "mtime": 1769866562.3229866,
    "hash": "6a6c4fe55071a5c3"
  },
  "apps/__init__.py": {
    "size": 0,
    "mtime": 1769866562.3129866,
    "hash": "d41d8cd98f00b204"
  },
  "input_modules/keypad.py": {
    "size": 2499,
    "mtime": 1769866562.3249865,
    "hash": "f1ccb05777c3ffc0"
  },
  "input_modules/keypad_old.py": {
    "size": 1045,
    "mtime": 1769866562.3249865,
    "hash": "4958b1f19482e7b9"
  },
  "input_modules/__init__.py": {
    "size": 0,
    "mtime": 1769866562.3249865,
    "hash": "d41d8cd98f00b204"
  },
  "certs/AmazonRootCA1.der": {
    "size": 837,
    "mtime": 1769866562.3219864,
    "hash": "3129f632ef892f00"
  },
  "db/boot_up.json": {
    "size": 488,
    "mtime": 1769866562.3229866,
    "hash": "45feec4f27056727"
  },